{"total_energy":90.5734040771961,"power_avg":0.6378408737830712,"duration":14.2}