{"total_energy":89.13496960730555,"power_avg":0.6366783543378968,"duration":14}