{"total_energy":88.90790106458664,"power_avg":0.6350564361756188,"duration":14}