{"total_energy":88.47432372274395,"power_avg":0.6365059260629061,"duration":13.9}