{"total_energy":87.51560955920219,"power_avg":0.6341710837623347,"duration":13.8}