{"total_energy":94.88871151900295,"power_avg":0.6368369900604225,"duration":14.9}