{"total_energy":88.24726217551235,"power_avg":0.6348723897518874,"duration":13.9}