{"total_energy":89.81481361303325,"power_avg":0.6369844937094556,"duration":14.1}