{"total_energy":89.59213846101764,"power_avg":0.639943846150126,"duration":14}