{"total_energy":80.87201827154159,"power_avg":0.6521936957382386,"duration":12.4}