{"total_energy":89.65675945563319,"power_avg":0.6358635422385333,"duration":14.1}