{"total_energy":88.49063429579728,"power_avg":0.6366232683150883,"duration":13.9}