{"total_energy":88.48246921777731,"power_avg":0.6365645267465994,"duration":13.9}