{"total_energy":94.77928068380353,"power_avg":0.6404005451608347,"duration":14.8}