{"total_energy":91.70481184339526,"power_avg":0.6368389711346893,"duration":14.4}