{"total_energy":89.13351571097374,"power_avg":0.6366679693640981,"duration":14}