{"total_energy":91.02151801800731,"power_avg":0.6365141120140372,"duration":14.3}