{"total_energy":91.72271343116756,"power_avg":0.6369632877164414,"duration":14.4}