{"total_energy":87.64840121803282,"power_avg":0.6351333421596581,"duration":13.8}