{"total_energy":93.0861659430981,"power_avg":0.6375764790623157,"duration":14.6}