{"total_energy":90.482832545805,"power_avg":0.6372030460972182,"duration":14.2}