{"total_energy":87.92482082538606,"power_avg":0.6371363827926526,"duration":13.8}