{"total_energy":89.27177266788486,"power_avg":0.6376555190563205,"duration":14}