{"total_energy":89.2981556416035,"power_avg":0.6378439688685964,"duration":14}