{"total_energy":87.86750881776817,"power_avg":0.6367210783896244,"duration":13.8}