{"total_energy":107.62152777652743,"power_avg":0.6330678104501614,"duration":17}