{"total_energy":89.41001427054405,"power_avg":0.643237512737727,"duration":13.9}