{"total_energy":95.02582295947074,"power_avg":0.6377572010702734,"duration":14.9}