{"total_energy":86.71451980547903,"power_avg":0.6376067632755811,"duration":13.6}