{"total_energy":89.03006565456394,"power_avg":0.6359290403897424,"duration":14}