{"total_energy":88.56921061835294,"power_avg":0.6371885655996614,"duration":13.9}