{"total_energy":88.51030088148113,"power_avg":0.6367647545430297,"duration":13.9}