{"total_energy":89.23478450002669,"power_avg":0.6373913178573335,"duration":14}