{"total_energy":89.6445727633,"power_avg":0.6357771117964539,"duration":14.1}