{"total_energy":91.6018982051372,"power_avg":0.6361242930912305,"duration":14.4}