{"total_energy":86.45720575294493,"power_avg":0.6357147481834186,"duration":13.6}