{"total_energy":89.96729338121416,"power_avg":0.638065910505065,"duration":14.1}