{"total_energy":449.85925138282795,"power_avg":6.519699295403304,"duration":69}