{"total_energy":93.80982621035578,"power_avg":0.6381620830636447,"duration":14.7}