{"total_energy":88.34786634149553,"power_avg":0.6355961607301837,"duration":13.9}