{"total_energy":88.3663010158539,"power_avg":0.6357287842867188,"duration":13.9}