{"total_energy":94.40627650432586,"power_avg":0.6422195680566385,"duration":14.7}