{"total_energy":88.40093183789256,"power_avg":0.6405864625934243,"duration":13.8}