{"total_energy":96.07806262979511,"power_avg":0.6362785604622193,"duration":15.1}