{"total_energy":89.15845808568001,"power_avg":0.6368461291834286,"duration":14}