{"total_energy":92.53237243142134,"power_avg":0.638154292630492,"duration":14.5}