{"total_energy":87.31607532448774,"power_avg":0.6373436155072097,"duration":13.7}