{"total_energy":95.16093249511712,"power_avg":0.6429792736156562,"duration":14.8}