{"total_energy":91.88719576554298,"power_avg":0.638105526149604,"duration":14.4}