{"total_energy":94.50365825657846,"power_avg":0.638538231463368,"duration":14.8}