{"total_energy":87.69951543493272,"power_avg":0.6355037350357443,"duration":13.8}