{"total_energy":88.63433224620819,"power_avg":0.6376570665194834,"duration":13.9}