{"total_energy":88.29608267807963,"power_avg":0.6444969538545958,"duration":13.7}