{"total_energy":88.9044508544922,"power_avg":0.6350317918178014,"duration":14}