{"total_energy":88.60408028540614,"power_avg":0.6374394265137132,"duration":13.9}