{"total_energy":92.51941080822948,"power_avg":0.6380649021257205,"duration":14.5}