{"total_energy":87.74659576654435,"power_avg":0.635844896859017,"duration":13.8}