{"total_energy":91.22927756991388,"power_avg":0.6379669760133837,"duration":14.3}