{"total_energy":89.55336407556531,"power_avg":0.635130241670676,"duration":14.1}