{"total_energy":89.72225641288759,"power_avg":0.6363280596658695,"duration":14.1}