{"total_energy":88.92927929296489,"power_avg":0.6352091378068921,"duration":14}