{"total_energy":88.63179091157912,"power_avg":0.6376387835365404,"duration":13.9}