{"total_energy":75.74935129237174,"power_avg":0.6586900112380152,"duration":11.5}