{"total_energy":88.62294285755159,"power_avg":0.6375751284715941,"duration":13.9}