{"total_energy":88.675290568924,"power_avg":0.6379517307116834,"duration":13.9}