{"total_energy":90.264922593689,"power_avg":0.6356684689696408,"duration":14.2}