{"total_energy":88.4087225859642,"power_avg":0.6360339754385914,"duration":13.9}