{"total_energy":88.36533903889656,"power_avg":0.6357218635891839,"duration":13.9}