{"total_energy":89.82807356629368,"power_avg":0.6370785359311608,"duration":14.1}