{"total_energy":90.30281741814612,"power_avg":0.6359353339306065,"duration":14.2}