{"total_energy":89.1526180803299,"power_avg":0.6368044148594993,"duration":14}