{"total_energy":88.30971719212528,"power_avg":0.6353217064181674,"duration":13.9}