{"total_energy":88.32742936120036,"power_avg":0.6354491320949666,"duration":13.9}