{"total_energy":87.7146148033619,"power_avg":0.6356131507489993,"duration":13.8}