{"total_energy":94.16936005678176,"power_avg":0.640607891542733,"duration":14.7}