{"total_energy":87.91562045197486,"power_avg":0.6370697134201077,"duration":13.8}